<?xml version="1.0" encoding="UTF-8"?>
<project-private xmlns="http://www.netbeans.org/ns/project-private/1">
    <editor-bookmarks xmlns="http://www.netbeans.org/ns/editor-bookmarks/2" lastBookmarkId="0"/>
    <open-files xmlns="http://www.netbeans.org/ns/projectui-open-files/2">
        <group>
            <file>file:/C:/Users/laboratorio/Desktop/Aula%2023.09.25/src/DAO/VeiculoDAO.java</file>
            <file>file:/C:/Users/laboratorio/Desktop/Aula%2023.09.25/src/Beans/Veiculo.java</file>
            <file>file:/C:/Users/laboratorio/Desktop/Aula%2023.09.25/src/Beans/Pessoa.java</file>
            <file>file:/C:/Users/laboratorio/Desktop/Aula%2023.09.25/src/Interface/RelatorioVeiculo.java</file>
            <file>file:/C:/Users/laboratorio/Desktop/Aula%2023.09.25/src/Interface/CadastrarVeiculo.java</file>
        </group>
    </open-files>
</project-private>
