<?xml version="1.0" encoding="UTF-8"?>
<project-private xmlns="http://www.netbeans.org/ns/project-private/1">
    <editor-bookmarks xmlns="http://www.netbeans.org/ns/editor-bookmarks/2" lastBookmarkId="0"/>
    <open-files xmlns="http://www.netbeans.org/ns/projectui-open-files/2">
        <group>
            <file>file:/C:/Users/laboratorio/Desktop/Prova%2002%20-%20Éric%20Martins%20da%20Silva/Prova02/src/Interfaces/Menu.java</file>
            <file>file:/C:/Users/laboratorio/Desktop/Prova%2002%20-%20Éric%20Martins%20da%20Silva/Prova02/src/Servidor/Servidor.java</file>
        </group>
    </open-files>
</project-private>
